transaction_id,account_id,type,amount,timestamp,status,rejection_reason,flagged_for_review,review_reasons,balance_after
TX00014,ACC1019,PURCHASE,13.54,2026-10-15T07:06:00,APPROVED,,YES,HIGH TRANSACTION FREQUENCY,9360.64
TX00016,ACC1019,PURCHASE,14.36,2026-10-15T07:08:00,APPROVED,,YES,HIGH TRANSACTION FREQUENCY,9346.28
TX00069,ACC1020,WITHDRAWAL,12000.00,2026-10-15T10:12:00,APPROVED,,YES,HIGH VALUE,48000.00
TX00083,ACC1013,PURCHASE,11450.00,2026-10-15T11:20:00,APPROVED,,YES,HIGH VALUE,6550.00
TX00154,ACC1008,PURCHASE,260.00,2026-10-15T15:50:00,APPROVED,,YES,DAILY AMOUNT LIMIT EXCEEDED,7430.00
TX00180,ACC1008,PURCHASE,95.00,2026-10-15T18:25:00,APPROVED,,YES,DAILY AMOUNT LIMIT EXCEEDED,7335.00
TX00198,ACC1008,WITHDRAWAL,200.00,2026-10-15T20:00:00,APPROVED,,YES,DAILY AMOUNT LIMIT EXCEEDED,7135.00
TX00218,ACC1017,PURCHASE,9.02,2026-10-15T21:11:06,APPROVED,,YES,HIGH TRANSACTION FREQUENCY,4106.68
TX00219,ACC1017,PURCHASE,19.05,2026-10-15T21:11:28,APPROVED,,YES,HIGH TRANSACTION FREQUENCY,4087.63
TX00220,ACC1017,PURCHASE,9.60,2026-10-15T21:11:50,APPROVED,,YES,HIGH TRANSACTION FREQUENCY,4078.03
TX00221,ACC1017,PURCHASE,37.80,2026-10-15T21:12:12,APPROVED,,YES,HIGH TRANSACTION FREQUENCY,4040.23
TX00222,ACC1017,PURCHASE,36.24,2026-10-15T21:12:34,APPROVED,,YES,HIGH TRANSACTION FREQUENCY,4003.99
