transaction_id,account_id,type,amount,timestamp,to_account
TX001,ACC001,DEPOSIT,500.00,2026-10-01 09:00:00,
TX002,ACC999,WITHDRAWAL,100.00,2026-10-01 09:05:00,
TX003,ACC003,WITHDRAWAL,200.00,2026-10-01 09:10:00,
TX004,ACC004,DEPOSIT,50.00,2026-10-01 09:15:00,
TX005,ACC002,WITHDRAWAL,0.00,2026-10-01 09:20:00,
TX006,ACC002,WITHDRAWAL,-250.00,2026-10-01 09:25:00,
TX001,ACC001,DEPOSIT,500.00,2026-10-01 09:30:00,
TX007,ACC007,WITHDRAWAL,15000.00,2026-10-01 10:00:00,
TX008,ACC001,WITHDRAWAL,2000.00,2026-10-01 10:15:00,
TX009,ACC001,PAYMENT,1500.00,2026-10-01 11:00:00,
TX010,ACC006,WITHDRAWAL,100.00,2026-10-01 12:00:00,
TX011,ACC006,WITHDRAWAL,100.00,2026-10-01 12:01:00,
TX012,ACC006,WITHDRAWAL,100.00,2026-10-01 12:02:00,
TX013,ACC006,WITHDRAWAL,100.00,2026-10-01 12:03:00,
TX014,ACC006,WITHDRAWAL,100.00,2026-10-01 12:04:00,
TX015,ACC006,WITHDRAWAL,100.00,2026-10-01 15:00:00,
TX016,ACC005,WITHDRAWAL,100.00,2026-10-01 13:00:00,
TX017,ACC002,TRANSFER,5000.00,2026-10-01 13:15:00,ACC003
TX018,ACC003,WITHDRAWAL,200.00,2026-10-01 13:30:00,
TX019,ACC008,WITHDRAWAL,abc,2026-10-01 14:00:00,
TX020,ACC008,REVERSAL,50.00,2026-10-01 14:05:00,
TX021,ACC007,DEPOSIT,25000.00,2026-10-02 09:00:00,
TX022,ACC008,WITHDRAWAL,1000.00,2026-10-02 09:30:00,
TX023,ACC008,WITHDRAWAL,0.01,2026-10-02 09:45:00,
TX024,ACC002,WITHDRAWAL,10000.00,2026-10-02 10:00:00,
TX025,ACC002,TRANSFER,100.00,2026-10-02 10:30:00,ACC004
TX003,ACC003,WITHDRAWAL,50.00,2026-10-02 11:00:00,
TX026,,DEPOSIT,100.00,2026-10-02 11:15:00,
TX027,ACC001,WITHDRAWAL,12000.00,2026-10-02 11:30:00,
TX028,ACC007,WITHDRAWAL,30000.00,2026-10-02 12:00:00,
TX029,ACC007,WITHDRAWAL,25000.00,2026-10-02 14:00:00,
TX030,ACC001,DEPOSIT,250.75,2026-10-02 15:00:00,
